avg_time,data_name,operation,tree,trial_1,trial_2,trial_3,trial_4,trial_5
1.4879303326830269,cifar,construction,BruteForce,1.2771335151046515,1.5523581393063068,1.5905263517051935,1.4595731105655432,1.560060546733439
