avg_time,data_name,operation,tree,trial_1,trial_2,trial_3,trial_4,trial_5
3.4103603903204203,cifar,construction,KDTree,3.3917242605239153,3.422510183416307,3.4291327334940434,3.400220822542906,3.40821395162493
