avg_time,data_name,operation,tree,trial_1,trial_2,trial_3,trial_4,trial_5
170.3224127592519,cifar,construction,BallTree,170.8991492241621,170.84667500667274,169.85104507673532,169.66678612027317,170.34840836841613
