avg_time,data_name,operation,tree,trial_1,trial_2,trial_3,trial_4,trial_5
196.71170250587164,gauss,construction,KDTree,194.5956789413467,199.85193023830652,196.63161527831107,198.82338819745928,193.6558998739347
