avg_time,data_name,operation,tree,trial_1,trial_2,trial_3,trial_4,trial_5
5.8419530285522345,sun,construction,KDTree,5.8573411628603935,5.860535688698292,5.885330350138247,5.796759334392846,5.809798606671393
