avg_time,data_name,operation,tree,trial_1,trial_2,trial_3,trial_4,trial_5
0.0014613667968660592,cifar,construction,KDTree,0.0016637499793432653,0.0014541250420734286,0.0014013329637236893,0.0013875419972464442,0.001400084001943469
