avg_time,data_name,operation,tree,trial_1,trial_2,trial_3,trial_4,trial_5
0.0015458167996257543,sun,construction,KDTree,0.0021390829933807254,0.0013667080202139914,0.0014082089764997363,0.0013847090303897858,0.001430374977644533
