avg_time,data_name,operation,tree,trial_1,trial_2,trial_3
70.6801553843543,gauss,construction,BruteForce,59.96101304702461,78.61618816014379,73.46326494589448
