avg_time,data_name,operation,tree,trial_1,trial_2,trial_3,trial_4,trial_5
0.001960616616997868,gauss,construction,KDTree,0.004458791052456945,0.0013225000002421439,0.0013083750382065773,0.0013456669985316694,0.0013677499955520034
